--------------------------------------------------------
--  File created - Thursday-December-15-2016   
--------------------------------------------------------
DROP TABLE "WM2D"."IMAGE_TABLE" cascade constraints;
DROP TABLE "WM2D"."ITEM_TABLE" cascade constraints;
DROP TABLE "WM2D"."RECIPE_ITEM_TABLE" cascade constraints;
DROP TABLE "WM2D"."RECIPE_TABLE" cascade constraints;
DROP TABLE "WM2D"."USER_ITEM_TABLE" cascade constraints;
DROP TABLE "WM2D"."USER_TABLE" cascade constraints;
DROP SEQUENCE "WM2D"."NEW_IMAGE_SEQUENCE";
DROP SEQUENCE "WM2D"."NEW_ITEM_SEQUENCE";
DROP SEQUENCE "WM2D"."NEW_RECIPE_SEQUENCE";
DROP SEQUENCE "WM2D"."NEW_USER_SEQUENCE";
DROP SEQUENCE "WM2D"."SEQ_TDAI_USER_ITEM_TABLE4";
DROP FUNCTION "WM2D"."CHECK_USER_EXISTANCE";
DROP FUNCTION "WM2D"."VALIDATE_PASSWORD";

/*******************************************************************************
   Drop database if it exists
********************************************************************************/
DROP USER wm2d CASCADE;

/*******************************************************************************
   Create database
********************************************************************************/
CREATE USER wm2d
IDENTIFIED BY p4ssw0rd
DEFAULT TABLESPACE users
TEMPORARY TABLESPACE temp
QUOTA 10M ON users;

GRANT connect to wm2d;
GRANT resource to wm2d;
GRANT create session TO wm2d;
GRANT create table TO wm2d;
GRANT create view TO wm2d;

conn wm2d/p4ssw0rd
--------------------------------------------------------
--  DDL for Table IMAGE_TABLE
--------------------------------------------------------

  CREATE TABLE "WM2D"."IMAGE_TABLE" 
   (	"IMAGE_ID" NUMBER, 
	"FILE_TYPE" VARCHAR2(10 BYTE), 
	"FILE_DATA" BLOB
   ) SEGMENT CREATION IMMEDIATE 
  PCTFREE 10 PCTUSED 40 INITRANS 1 MAXTRANS 255 
 NOCOMPRESS LOGGING
  STORAGE(INITIAL 65536 NEXT 1048576 MINEXTENTS 1 MAXEXTENTS 2147483645
  PCTINCREASE 0 FREELISTS 1 FREELIST GROUPS 1
  BUFFER_POOL DEFAULT FLASH_CACHE DEFAULT CELL_FLASH_CACHE DEFAULT)
  TABLESPACE "USERS" 
 LOB ("FILE_DATA") STORE AS SECUREFILE (
  TABLESPACE "USERS" ENABLE STORAGE IN ROW CHUNK 8192
  NOCACHE LOGGING  NOCOMPRESS  KEEP_DUPLICATES 
  STORAGE(INITIAL 106496 NEXT 1048576 MINEXTENTS 1 MAXEXTENTS 2147483645
  PCTINCREASE 0
  BUFFER_POOL DEFAULT FLASH_CACHE DEFAULT CELL_FLASH_CACHE DEFAULT)) ;
--------------------------------------------------------
--  DDL for Table ITEM_TABLE
--------------------------------------------------------

  CREATE TABLE "WM2D"."ITEM_TABLE" 
   (	"ITEM_ID" NUMBER, 
	"ITEM_NAME" VARCHAR2(255 BYTE)
   ) SEGMENT CREATION IMMEDIATE 
  PCTFREE 10 PCTUSED 40 INITRANS 1 MAXTRANS 255 
 NOCOMPRESS LOGGING
  STORAGE(INITIAL 65536 NEXT 1048576 MINEXTENTS 1 MAXEXTENTS 2147483645
  PCTINCREASE 0 FREELISTS 1 FREELIST GROUPS 1
  BUFFER_POOL DEFAULT FLASH_CACHE DEFAULT CELL_FLASH_CACHE DEFAULT)
  TABLESPACE "USERS" ;
--------------------------------------------------------
--  DDL for Table RECIPE_ITEM_TABLE
--------------------------------------------------------

  CREATE TABLE "WM2D"."RECIPE_ITEM_TABLE" 
   (	"RECIPE_ID" NUMBER, 
	"ITEM_ID" NUMBER
   ) SEGMENT CREATION IMMEDIATE 
  PCTFREE 10 PCTUSED 40 INITRANS 1 MAXTRANS 255 
 NOCOMPRESS LOGGING
  STORAGE(INITIAL 65536 NEXT 1048576 MINEXTENTS 1 MAXEXTENTS 2147483645
  PCTINCREASE 0 FREELISTS 1 FREELIST GROUPS 1
  BUFFER_POOL DEFAULT FLASH_CACHE DEFAULT CELL_FLASH_CACHE DEFAULT)
  TABLESPACE "USERS" ;
--------------------------------------------------------
--  DDL for Table RECIPE_TABLE
--------------------------------------------------------

  CREATE TABLE "WM2D"."RECIPE_TABLE" 
   (	"RECIPE_ID" NUMBER, 
	"RECIPE_NAME" VARCHAR2(255 BYTE), 
	"RECIPE_DESCRIPTION" VARCHAR2(510 BYTE), 
	"RECIPE_URL" VARCHAR2(255 BYTE), 
	"IMAGE_ID" NUMBER
   ) SEGMENT CREATION IMMEDIATE 
  PCTFREE 10 PCTUSED 40 INITRANS 1 MAXTRANS 255 
 NOCOMPRESS LOGGING
  STORAGE(INITIAL 65536 NEXT 1048576 MINEXTENTS 1 MAXEXTENTS 2147483645
  PCTINCREASE 0 FREELISTS 1 FREELIST GROUPS 1
  BUFFER_POOL DEFAULT FLASH_CACHE DEFAULT CELL_FLASH_CACHE DEFAULT)
  TABLESPACE "USERS" ;
--------------------------------------------------------
--  DDL for Table USER_ITEM_TABLE
--------------------------------------------------------

  CREATE TABLE "WM2D"."USER_ITEM_TABLE" 
   (	"USER_ID" NUMBER, 
	"ITEM_ID" NUMBER, 
	"MEASURE_TYPE" VARCHAR2(20 BYTE), 
	"MEASURE_AMOUNT" NUMBER, 
	"EXPIRATION_DATE" VARCHAR2(30 BYTE), 
	"ITEM_STATUS" NUMBER DEFAULT 1, 
	"ITEM_DETAILS" VARCHAR2(30 BYTE), 
	"USER_ITEM_ID" NUMBER
   ) SEGMENT CREATION IMMEDIATE 
  PCTFREE 10 PCTUSED 40 INITRANS 1 MAXTRANS 255 
 NOCOMPRESS LOGGING
  STORAGE(INITIAL 65536 NEXT 1048576 MINEXTENTS 1 MAXEXTENTS 2147483645
  PCTINCREASE 0 FREELISTS 1 FREELIST GROUPS 1
  BUFFER_POOL DEFAULT FLASH_CACHE DEFAULT CELL_FLASH_CACHE DEFAULT)
  TABLESPACE "USERS" ;
--------------------------------------------------------
--  DDL for Table USER_TABLE
--------------------------------------------------------

  CREATE TABLE "WM2D"."USER_TABLE" 
   (	"USER_ID" NUMBER, 
	"USER_NAME" VARCHAR2(20 BYTE), 
	"PASS_WORD" VARCHAR2(20 BYTE)
   ) SEGMENT CREATION IMMEDIATE 
  PCTFREE 10 PCTUSED 40 INITRANS 1 MAXTRANS 255 
 NOCOMPRESS LOGGING
  STORAGE(INITIAL 65536 NEXT 1048576 MINEXTENTS 1 MAXEXTENTS 2147483645
  PCTINCREASE 0 FREELISTS 1 FREELIST GROUPS 1
  BUFFER_POOL DEFAULT FLASH_CACHE DEFAULT CELL_FLASH_CACHE DEFAULT)
  TABLESPACE "USERS" ;
--------------------------------------------------------
--  DDL for Sequence NEW_IMAGE_SEQUENCE
--------------------------------------------------------

   CREATE SEQUENCE  "WM2D"."NEW_IMAGE_SEQUENCE"  MINVALUE 1 MAXVALUE 9999999999999999999999999999 INCREMENT BY 1 START WITH 51 CACHE 50 NOORDER  NOCYCLE  NOPARTITION ;
--------------------------------------------------------
--  DDL for Sequence NEW_ITEM_SEQUENCE
--------------------------------------------------------

   CREATE SEQUENCE  "WM2D"."NEW_ITEM_SEQUENCE"  MINVALUE 1 MAXVALUE 9999999999999999999999999999 INCREMENT BY 1 START WITH 601 CACHE 50 NOORDER  NOCYCLE  NOPARTITION ;
--------------------------------------------------------
--  DDL for Sequence NEW_RECIPE_SEQUENCE
--------------------------------------------------------

   CREATE SEQUENCE  "WM2D"."NEW_RECIPE_SEQUENCE"  MINVALUE 1 MAXVALUE 9999999999999999999999999999 INCREMENT BY 1 START WITH 501 CACHE 50 NOORDER  NOCYCLE  NOPARTITION ;
--------------------------------------------------------
--  DDL for Sequence NEW_USER_SEQUENCE
--------------------------------------------------------

   CREATE SEQUENCE  "WM2D"."NEW_USER_SEQUENCE"  MINVALUE 1 MAXVALUE 9999999999999999999999999999 INCREMENT BY 1 START WITH 451 CACHE 50 NOORDER  NOCYCLE  NOPARTITION ;
--------------------------------------------------------
--  DDL for Sequence SEQ_TDAI_USER_ITEM_TABLE4
--------------------------------------------------------

   CREATE SEQUENCE  "WM2D"."SEQ_TDAI_USER_ITEM_TABLE4"  MINVALUE 1 MAXVALUE 9999999999999999999999999999 INCREMENT BY 1 START WITH 501 CACHE 20 NOORDER  NOCYCLE  NOPARTITION ;
REM INSERTING into WM2D.IMAGE_TABLE
SET DEFINE OFF;
Insert into WM2D.IMAGE_TABLE (IMAGE_ID,FILE_TYPE) values (0,'DUMMY');
REM INSERTING into WM2D.ITEM_TABLE
SET DEFINE OFF;
Insert into WM2D.ITEM_TABLE (ITEM_ID,ITEM_NAME) values (548,'5-hour energy');
Insert into WM2D.ITEM_TABLE (ITEM_ID,ITEM_NAME) values (508,'Apples');
Insert into WM2D.ITEM_TABLE (ITEM_ID,ITEM_NAME) values (555,'Bacon');
Insert into WM2D.ITEM_TABLE (ITEM_ID,ITEM_NAME) values (535,'Bagels');
Insert into WM2D.ITEM_TABLE (ITEM_ID,ITEM_NAME) values (509,'Bananas');
Insert into WM2D.ITEM_TABLE (ITEM_ID,ITEM_NAME) values (542,'Basalmic Vinegar');
Insert into WM2D.ITEM_TABLE (ITEM_ID,ITEM_NAME) values (530,'Basil');
Insert into WM2D.ITEM_TABLE (ITEM_ID,ITEM_NAME) values (527,'Bell pepper');
Insert into WM2D.ITEM_TABLE (ITEM_ID,ITEM_NAME) values (503,'Bread');
Insert into WM2D.ITEM_TABLE (ITEM_ID,ITEM_NAME) values (507,'Broccoli');
Insert into WM2D.ITEM_TABLE (ITEM_ID,ITEM_NAME) values (518,'Butter');
Insert into WM2D.ITEM_TABLE (ITEM_ID,ITEM_NAME) values (512,'Captain crunch');
Insert into WM2D.ITEM_TABLE (ITEM_ID,ITEM_NAME) values (515,'Carrot');
Insert into WM2D.ITEM_TABLE (ITEM_ID,ITEM_NAME) values (531,'Carrots');
Insert into WM2D.ITEM_TABLE (ITEM_ID,ITEM_NAME) values (514,'Cheese');
Insert into WM2D.ITEM_TABLE (ITEM_ID,ITEM_NAME) values (539,'Cherry Tomato');
Insert into WM2D.ITEM_TABLE (ITEM_ID,ITEM_NAME) values (504,'Chicken');
Insert into WM2D.ITEM_TABLE (ITEM_ID,ITEM_NAME) values (553,'Chocolate chips');
Insert into WM2D.ITEM_TABLE (ITEM_ID,ITEM_NAME) values (547,'Coffee');
Insert into WM2D.ITEM_TABLE (ITEM_ID,ITEM_NAME) values (538,'Croutons');
Insert into WM2D.ITEM_TABLE (ITEM_ID,ITEM_NAME) values (502,'Eggs');
Insert into WM2D.ITEM_TABLE (ITEM_ID,ITEM_NAME) values (532,'Fish');
Insert into WM2D.ITEM_TABLE (ITEM_ID,ITEM_NAME) values (517,'Flour');
Insert into WM2D.ITEM_TABLE (ITEM_ID,ITEM_NAME) values (524,'Garlic');
Insert into WM2D.ITEM_TABLE (ITEM_ID,ITEM_NAME) values (533,'Giraffe meat');
Insert into WM2D.ITEM_TABLE (ITEM_ID,ITEM_NAME) values (554,'Hotdogs');
Insert into WM2D.ITEM_TABLE (ITEM_ID,ITEM_NAME) values (511,'Jelly');
Insert into WM2D.ITEM_TABLE (ITEM_ID,ITEM_NAME) values (543,'Ketchup');
Insert into WM2D.ITEM_TABLE (ITEM_ID,ITEM_NAME) values (550,'Kitkats');
Insert into WM2D.ITEM_TABLE (ITEM_ID,ITEM_NAME) values (537,'Lettuce');
Insert into WM2D.ITEM_TABLE (ITEM_ID,ITEM_NAME) values (505,'Mash potatoes');
Insert into WM2D.ITEM_TABLE (ITEM_ID,ITEM_NAME) values (536,'Mayonaise');
Insert into WM2D.ITEM_TABLE (ITEM_ID,ITEM_NAME) values (519,'Milk');
Insert into WM2D.ITEM_TABLE (ITEM_ID,ITEM_NAME) values (546,'Monster');
Insert into WM2D.ITEM_TABLE (ITEM_ID,ITEM_NAME) values (544,'Mountain dew');
Insert into WM2D.ITEM_TABLE (ITEM_ID,ITEM_NAME) values (528,'Noodle');
Insert into WM2D.ITEM_TABLE (ITEM_ID,ITEM_NAME) values (521,'Oil');
Insert into WM2D.ITEM_TABLE (ITEM_ID,ITEM_NAME) values (525,'Onion');
Insert into WM2D.ITEM_TABLE (ITEM_ID,ITEM_NAME) values (529,'Oregano');
Insert into WM2D.ITEM_TABLE (ITEM_ID,ITEM_NAME) values (510,'Peanut butter');
Insert into WM2D.ITEM_TABLE (ITEM_ID,ITEM_NAME) values (506,'Pizza');
Insert into WM2D.ITEM_TABLE (ITEM_ID,ITEM_NAME) values (513,'Potatoes');
Insert into WM2D.ITEM_TABLE (ITEM_ID,ITEM_NAME) values (522,'Powdered Milk');
Insert into WM2D.ITEM_TABLE (ITEM_ID,ITEM_NAME) values (540,'Ranch Dressing');
Insert into WM2D.ITEM_TABLE (ITEM_ID,ITEM_NAME) values (516,'Rice');
Insert into WM2D.ITEM_TABLE (ITEM_ID,ITEM_NAME) values (545,'Rockstar');
Insert into WM2D.ITEM_TABLE (ITEM_ID,ITEM_NAME) values (523,'Salt');
Insert into WM2D.ITEM_TABLE (ITEM_ID,ITEM_NAME) values (549,'Straight caffine');
Insert into WM2D.ITEM_TABLE (ITEM_ID,ITEM_NAME) values (526,'Tomato');
Insert into WM2D.ITEM_TABLE (ITEM_ID,ITEM_NAME) values (556,'Tomatos');
Insert into WM2D.ITEM_TABLE (ITEM_ID,ITEM_NAME) values (551,'Top ramen');
Insert into WM2D.ITEM_TABLE (ITEM_ID,ITEM_NAME) values (552,'Turtles');
Insert into WM2D.ITEM_TABLE (ITEM_ID,ITEM_NAME) values (541,'Vinegar');
Insert into WM2D.ITEM_TABLE (ITEM_ID,ITEM_NAME) values (534,'Wasabi');
Insert into WM2D.ITEM_TABLE (ITEM_ID,ITEM_NAME) values (557,'Wheat thins');
Insert into WM2D.ITEM_TABLE (ITEM_ID,ITEM_NAME) values (520,'Yeast');
REM INSERTING into WM2D.RECIPE_ITEM_TABLE
SET DEFINE OFF;
Insert into WM2D.RECIPE_ITEM_TABLE (RECIPE_ID,ITEM_ID) values (463,534);
Insert into WM2D.RECIPE_ITEM_TABLE (RECIPE_ID,ITEM_ID) values (463,532);
Insert into WM2D.RECIPE_ITEM_TABLE (RECIPE_ID,ITEM_ID) values (463,516);
Insert into WM2D.RECIPE_ITEM_TABLE (RECIPE_ID,ITEM_ID) values (468,506);
Insert into WM2D.RECIPE_ITEM_TABLE (RECIPE_ID,ITEM_ID) values (457,504);
Insert into WM2D.RECIPE_ITEM_TABLE (RECIPE_ID,ITEM_ID) values (457,516);
Insert into WM2D.RECIPE_ITEM_TABLE (RECIPE_ID,ITEM_ID) values (457,515);
Insert into WM2D.RECIPE_ITEM_TABLE (RECIPE_ID,ITEM_ID) values (458,504);
Insert into WM2D.RECIPE_ITEM_TABLE (RECIPE_ID,ITEM_ID) values (458,503);
Insert into WM2D.RECIPE_ITEM_TABLE (RECIPE_ID,ITEM_ID) values (458,502);
Insert into WM2D.RECIPE_ITEM_TABLE (RECIPE_ID,ITEM_ID) values (458,517);
Insert into WM2D.RECIPE_ITEM_TABLE (RECIPE_ID,ITEM_ID) values (459,512);
Insert into WM2D.RECIPE_ITEM_TABLE (RECIPE_ID,ITEM_ID) values (456,511);
Insert into WM2D.RECIPE_ITEM_TABLE (RECIPE_ID,ITEM_ID) values (456,510);
Insert into WM2D.RECIPE_ITEM_TABLE (RECIPE_ID,ITEM_ID) values (456,503);
Insert into WM2D.RECIPE_ITEM_TABLE (RECIPE_ID,ITEM_ID) values (459,508);
Insert into WM2D.RECIPE_ITEM_TABLE (RECIPE_ID,ITEM_ID) values (457,507);
Insert into WM2D.RECIPE_ITEM_TABLE (RECIPE_ID,ITEM_ID) values (459,518);
Insert into WM2D.RECIPE_ITEM_TABLE (RECIPE_ID,ITEM_ID) values (459,502);
Insert into WM2D.RECIPE_ITEM_TABLE (RECIPE_ID,ITEM_ID) values (459,517);
Insert into WM2D.RECIPE_ITEM_TABLE (RECIPE_ID,ITEM_ID) values (465,542);
Insert into WM2D.RECIPE_ITEM_TABLE (RECIPE_ID,ITEM_ID) values (465,541);
Insert into WM2D.RECIPE_ITEM_TABLE (RECIPE_ID,ITEM_ID) values (465,540);
Insert into WM2D.RECIPE_ITEM_TABLE (RECIPE_ID,ITEM_ID) values (465,507);
Insert into WM2D.RECIPE_ITEM_TABLE (RECIPE_ID,ITEM_ID) values (465,539);
Insert into WM2D.RECIPE_ITEM_TABLE (RECIPE_ID,ITEM_ID) values (465,538);
Insert into WM2D.RECIPE_ITEM_TABLE (RECIPE_ID,ITEM_ID) values (465,537);
Insert into WM2D.RECIPE_ITEM_TABLE (RECIPE_ID,ITEM_ID) values (465,531);
Insert into WM2D.RECIPE_ITEM_TABLE (RECIPE_ID,ITEM_ID) values (465,530);
Insert into WM2D.RECIPE_ITEM_TABLE (RECIPE_ID,ITEM_ID) values (465,529);
Insert into WM2D.RECIPE_ITEM_TABLE (RECIPE_ID,ITEM_ID) values (465,527);
Insert into WM2D.RECIPE_ITEM_TABLE (RECIPE_ID,ITEM_ID) values (465,526);
Insert into WM2D.RECIPE_ITEM_TABLE (RECIPE_ID,ITEM_ID) values (465,525);
Insert into WM2D.RECIPE_ITEM_TABLE (RECIPE_ID,ITEM_ID) values (465,524);
Insert into WM2D.RECIPE_ITEM_TABLE (RECIPE_ID,ITEM_ID) values (465,521);
Insert into WM2D.RECIPE_ITEM_TABLE (RECIPE_ID,ITEM_ID) values (465,515);
Insert into WM2D.RECIPE_ITEM_TABLE (RECIPE_ID,ITEM_ID) values (466,513);
Insert into WM2D.RECIPE_ITEM_TABLE (RECIPE_ID,ITEM_ID) values (466,527);
Insert into WM2D.RECIPE_ITEM_TABLE (RECIPE_ID,ITEM_ID) values (466,523);
Insert into WM2D.RECIPE_ITEM_TABLE (RECIPE_ID,ITEM_ID) values (466,507);
Insert into WM2D.RECIPE_ITEM_TABLE (RECIPE_ID,ITEM_ID) values (466,521);
Insert into WM2D.RECIPE_ITEM_TABLE (RECIPE_ID,ITEM_ID) values (466,533);
Insert into WM2D.RECIPE_ITEM_TABLE (RECIPE_ID,ITEM_ID) values (466,515);
Insert into WM2D.RECIPE_ITEM_TABLE (RECIPE_ID,ITEM_ID) values (461,522);
Insert into WM2D.RECIPE_ITEM_TABLE (RECIPE_ID,ITEM_ID) values (460,508);
Insert into WM2D.RECIPE_ITEM_TABLE (RECIPE_ID,ITEM_ID) values (461,523);
Insert into WM2D.RECIPE_ITEM_TABLE (RECIPE_ID,ITEM_ID) values (461,521);
Insert into WM2D.RECIPE_ITEM_TABLE (RECIPE_ID,ITEM_ID) values (461,520);
Insert into WM2D.RECIPE_ITEM_TABLE (RECIPE_ID,ITEM_ID) values (461,517);
Insert into WM2D.RECIPE_ITEM_TABLE (RECIPE_ID,ITEM_ID) values (462,529);
Insert into WM2D.RECIPE_ITEM_TABLE (RECIPE_ID,ITEM_ID) values (462,528);
Insert into WM2D.RECIPE_ITEM_TABLE (RECIPE_ID,ITEM_ID) values (462,527);
Insert into WM2D.RECIPE_ITEM_TABLE (RECIPE_ID,ITEM_ID) values (462,526);
Insert into WM2D.RECIPE_ITEM_TABLE (RECIPE_ID,ITEM_ID) values (462,525);
Insert into WM2D.RECIPE_ITEM_TABLE (RECIPE_ID,ITEM_ID) values (462,524);
Insert into WM2D.RECIPE_ITEM_TABLE (RECIPE_ID,ITEM_ID) values (462,523);
Insert into WM2D.RECIPE_ITEM_TABLE (RECIPE_ID,ITEM_ID) values (462,521);
Insert into WM2D.RECIPE_ITEM_TABLE (RECIPE_ID,ITEM_ID) values (462,530);
Insert into WM2D.RECIPE_ITEM_TABLE (RECIPE_ID,ITEM_ID) values (467,545);
Insert into WM2D.RECIPE_ITEM_TABLE (RECIPE_ID,ITEM_ID) values (467,544);
Insert into WM2D.RECIPE_ITEM_TABLE (RECIPE_ID,ITEM_ID) values (467,549);
Insert into WM2D.RECIPE_ITEM_TABLE (RECIPE_ID,ITEM_ID) values (467,548);
Insert into WM2D.RECIPE_ITEM_TABLE (RECIPE_ID,ITEM_ID) values (467,547);
Insert into WM2D.RECIPE_ITEM_TABLE (RECIPE_ID,ITEM_ID) values (467,546);
Insert into WM2D.RECIPE_ITEM_TABLE (RECIPE_ID,ITEM_ID) values (464,512);
Insert into WM2D.RECIPE_ITEM_TABLE (RECIPE_ID,ITEM_ID) values (464,519);
REM INSERTING into WM2D.RECIPE_TABLE
SET DEFINE OFF;
Insert into WM2D.RECIPE_TABLE (RECIPE_ID,RECIPE_NAME,RECIPE_DESCRIPTION,RECIPE_URL,IMAGE_ID) values (463,'Sushi','Don''t bother making this, just go to a restaurant. But here''s what most of them contain.','www.matsutakejapanese.com/',0);
Insert into WM2D.RECIPE_TABLE (RECIPE_ID,RECIPE_NAME,RECIPE_DESCRIPTION,RECIPE_URL,IMAGE_ID) values (468,'Pizza','Just heat.',null,0);
Insert into WM2D.RECIPE_TABLE (RECIPE_ID,RECIPE_NAME,RECIPE_DESCRIPTION,RECIPE_URL,IMAGE_ID) values (459,'Apple pie','Preheat oven to 425 degrees F (220 degrees C).
Mix together the sugar, flour, cinnamon, nutmeg and lemon peel.
Line one crust in a 9-inch deep-dish pie pan. Layer 1/3 of apples into pie crust. Sprinkle with sugar mixture and repeat until done. Sprinkle with lemon juice and dot with butter.
Place second pie crust on top of filling and flute the edges. Cut vents in top crust and brush with milk for a glazed appearance if desired.
Bake at 425 degrees F (220 degrees C) for 40 to 50 minutes.',null,0);
Insert into WM2D.RECIPE_TABLE (RECIPE_ID,RECIPE_NAME,RECIPE_DESCRIPTION,RECIPE_URL,IMAGE_ID) values (465,'Salad','Much health, such fiber.',null,0);
Insert into WM2D.RECIPE_TABLE (RECIPE_ID,RECIPE_NAME,RECIPE_DESCRIPTION,RECIPE_URL,IMAGE_ID) values (466,'Giraffe soupe','Technically illegal in most countries...',null,0);
Insert into WM2D.RECIPE_TABLE (RECIPE_ID,RECIPE_NAME,RECIPE_DESCRIPTION,RECIPE_URL,IMAGE_ID) values (456,'PB & J','Apply PB to bread, append jelly, compile, consume',null,0);
Insert into WM2D.RECIPE_TABLE (RECIPE_ID,RECIPE_NAME,RECIPE_DESCRIPTION,RECIPE_URL,IMAGE_ID) values (457,'Simple Chinese','See website','www.allrecipes.com/recipe/231132/easy-chinese-chicken-salad/?internalSource=hub%20recipe&referringContentType=search%20results&clickId=cardslot%2015',0);
Insert into WM2D.RECIPE_TABLE (RECIPE_ID,RECIPE_NAME,RECIPE_DESCRIPTION,RECIPE_URL,IMAGE_ID) values (458,'Pan fried chicken','Coat chicken in egg batter.

Cover in flour

Add bread crumbs.

Cook till browned',null,0);
Insert into WM2D.RECIPE_TABLE (RECIPE_ID,RECIPE_NAME,RECIPE_DESCRIPTION,RECIPE_URL,IMAGE_ID) values (460,'Apple','Are there instructions? Just eat the apple',null,0);
Insert into WM2D.RECIPE_TABLE (RECIPE_ID,RECIPE_NAME,RECIPE_DESCRIPTION,RECIPE_URL,IMAGE_ID) values (461,'Basic bread','Mix all ingredients into bowl. Mix until sticky. Let rise in warm place for an hour. Put into oven pan. Bake for an hour.','www.kingarthurflour.com/recipes/bread',0);
Insert into WM2D.RECIPE_TABLE (RECIPE_ID,RECIPE_NAME,RECIPE_DESCRIPTION,RECIPE_URL,IMAGE_ID) values (462,'Spaghetti Sauce And Noodles','Mix ingredients. Add other spices until flavour is acceptable. Cook Pasta',null,0);
Insert into WM2D.RECIPE_TABLE (RECIPE_ID,RECIPE_NAME,RECIPE_DESCRIPTION,RECIPE_URL,IMAGE_ID) values (467,'Energy overkill','Keeps you awake for a week.',null,0);
Insert into WM2D.RECIPE_TABLE (RECIPE_ID,RECIPE_NAME,RECIPE_DESCRIPTION,RECIPE_URL,IMAGE_ID) values (464,'Cereal','If need instructions for this, then just wow.',null,0);
REM INSERTING into WM2D.USER_ITEM_TABLE
SET DEFINE OFF;
Insert into WM2D.USER_ITEM_TABLE (USER_ID,ITEM_ID,MEASURE_TYPE,MEASURE_AMOUNT,EXPIRATION_DATE,ITEM_STATUS,ITEM_DETAILS,USER_ITEM_ID) values (403,504,'units',0.5,'2016-12-07',1,'From Thanksgiving',450);
Insert into WM2D.USER_ITEM_TABLE (USER_ID,ITEM_ID,MEASURE_TYPE,MEASURE_AMOUNT,EXPIRATION_DATE,ITEM_STATUS,ITEM_DETAILS,USER_ITEM_ID) values (403,505,'lbs',2,'2016-12-05',-1,'From Thanksgiving',451);
Insert into WM2D.USER_ITEM_TABLE (USER_ID,ITEM_ID,MEASURE_TYPE,MEASURE_AMOUNT,EXPIRATION_DATE,ITEM_STATUS,ITEM_DETAILS,USER_ITEM_ID) values (403,502,'dozen',2,'2016-12-18',1,null,448);
Insert into WM2D.USER_ITEM_TABLE (USER_ID,ITEM_ID,MEASURE_TYPE,MEASURE_AMOUNT,EXPIRATION_DATE,ITEM_STATUS,ITEM_DETAILS,USER_ITEM_ID) values (403,503,'loafs',3,'2016-12-26',1,'Whole wheat',449);
Insert into WM2D.USER_ITEM_TABLE (USER_ID,ITEM_ID,MEASURE_TYPE,MEASURE_AMOUNT,EXPIRATION_DATE,ITEM_STATUS,ITEM_DETAILS,USER_ITEM_ID) values (403,506,'slices',4,'2016-12-18',1,'Pepperoni',452);
Insert into WM2D.USER_ITEM_TABLE (USER_ID,ITEM_ID,MEASURE_TYPE,MEASURE_AMOUNT,EXPIRATION_DATE,ITEM_STATUS,ITEM_DETAILS,USER_ITEM_ID) values (403,507,'stalks',3,'2016-11-28',-1,null,453);
Insert into WM2D.USER_ITEM_TABLE (USER_ID,ITEM_ID,MEASURE_TYPE,MEASURE_AMOUNT,EXPIRATION_DATE,ITEM_STATUS,ITEM_DETAILS,USER_ITEM_ID) values (403,527,'peppers',2,'2016-12-27',1,'Red',491);
Insert into WM2D.USER_ITEM_TABLE (USER_ID,ITEM_ID,MEASURE_TYPE,MEASURE_AMOUNT,EXPIRATION_DATE,ITEM_STATUS,ITEM_DETAILS,USER_ITEM_ID) values (403,554,'packs',4,'2017-03-14',1,null,480);
Insert into WM2D.USER_ITEM_TABLE (USER_ID,ITEM_ID,MEASURE_TYPE,MEASURE_AMOUNT,EXPIRATION_DATE,ITEM_STATUS,ITEM_DETAILS,USER_ITEM_ID) values (403,555,'cases',3,'2017-02-02',1,null,481);
Insert into WM2D.USER_ITEM_TABLE (USER_ID,ITEM_ID,MEASURE_TYPE,MEASURE_AMOUNT,EXPIRATION_DATE,ITEM_STATUS,ITEM_DETAILS,USER_ITEM_ID) values (403,556,'tomatoes',3,'2016-12-29',1,'Organic',482);
Insert into WM2D.USER_ITEM_TABLE (USER_ID,ITEM_ID,MEASURE_TYPE,MEASURE_AMOUNT,EXPIRATION_DATE,ITEM_STATUS,ITEM_DETAILS,USER_ITEM_ID) values (403,557,'boxes',2,'2017-02-18',1,null,483);
Insert into WM2D.USER_ITEM_TABLE (USER_ID,ITEM_ID,MEASURE_TYPE,MEASURE_AMOUNT,EXPIRATION_DATE,ITEM_STATUS,ITEM_DETAILS,USER_ITEM_ID) values (403,537,'heads',2,'2016-11-24',-1,null,484);
Insert into WM2D.USER_ITEM_TABLE (USER_ID,ITEM_ID,MEASURE_TYPE,MEASURE_AMOUNT,EXPIRATION_DATE,ITEM_STATUS,ITEM_DETAILS,USER_ITEM_ID) values (403,507,'units',3,'2016-12-26',1,null,490);
Insert into WM2D.USER_ITEM_TABLE (USER_ID,ITEM_ID,MEASURE_TYPE,MEASURE_AMOUNT,EXPIRATION_DATE,ITEM_STATUS,ITEM_DETAILS,USER_ITEM_ID) values (403,516,null,1,'0',-1,'Rice',463);
Insert into WM2D.USER_ITEM_TABLE (USER_ID,ITEM_ID,MEASURE_TYPE,MEASURE_AMOUNT,EXPIRATION_DATE,ITEM_STATUS,ITEM_DETAILS,USER_ITEM_ID) values (403,517,'sacks',2,'2017-04-23',1,null,464);
Insert into WM2D.USER_ITEM_TABLE (USER_ID,ITEM_ID,MEASURE_TYPE,MEASURE_AMOUNT,EXPIRATION_DATE,ITEM_STATUS,ITEM_DETAILS,USER_ITEM_ID) values (403,518,null,1,'0',-1,'need some',465);
Insert into WM2D.USER_ITEM_TABLE (USER_ID,ITEM_ID,MEASURE_TYPE,MEASURE_AMOUNT,EXPIRATION_DATE,ITEM_STATUS,ITEM_DETAILS,USER_ITEM_ID) values (403,518,'sticks',4,'2016-12-29',1,'I can''t believe its not',466);
Insert into WM2D.USER_ITEM_TABLE (USER_ID,ITEM_ID,MEASURE_TYPE,MEASURE_AMOUNT,EXPIRATION_DATE,ITEM_STATUS,ITEM_DETAILS,USER_ITEM_ID) values (403,519,'Gallons',2,'2016-12-15',1,'2%',467);
Insert into WM2D.USER_ITEM_TABLE (USER_ID,ITEM_ID,MEASURE_TYPE,MEASURE_AMOUNT,EXPIRATION_DATE,ITEM_STATUS,ITEM_DETAILS,USER_ITEM_ID) values (403,535,'bagels',4,'2016-12-26',1,null,470);
Insert into WM2D.USER_ITEM_TABLE (USER_ID,ITEM_ID,MEASURE_TYPE,MEASURE_AMOUNT,EXPIRATION_DATE,ITEM_STATUS,ITEM_DETAILS,USER_ITEM_ID) values (403,536,'jar',1,'2017-01-03',1,'Fat Free',471);
Insert into WM2D.USER_ITEM_TABLE (USER_ID,ITEM_ID,MEASURE_TYPE,MEASURE_AMOUNT,EXPIRATION_DATE,ITEM_STATUS,ITEM_DETAILS,USER_ITEM_ID) values (403,543,'bottles',2,'2017-02-02',1,null,472);
Insert into WM2D.USER_ITEM_TABLE (USER_ID,ITEM_ID,MEASURE_TYPE,MEASURE_AMOUNT,EXPIRATION_DATE,ITEM_STATUS,ITEM_DETAILS,USER_ITEM_ID) values (403,544,'cans',11,'2017-03-17',1,'Code Red',473);
Insert into WM2D.USER_ITEM_TABLE (USER_ID,ITEM_ID,MEASURE_TYPE,MEASURE_AMOUNT,EXPIRATION_DATE,ITEM_STATUS,ITEM_DETAILS,USER_ITEM_ID) values (403,545,'cans',3,'2017-02-19',1,'Sour Apple',474);
Insert into WM2D.USER_ITEM_TABLE (USER_ID,ITEM_ID,MEASURE_TYPE,MEASURE_AMOUNT,EXPIRATION_DATE,ITEM_STATUS,ITEM_DETAILS,USER_ITEM_ID) values (403,508,'apple',1,'2016-12-03',-1,'Fuji',485);
Insert into WM2D.USER_ITEM_TABLE (USER_ID,ITEM_ID,MEASURE_TYPE,MEASURE_AMOUNT,EXPIRATION_DATE,ITEM_STATUS,ITEM_DETAILS,USER_ITEM_ID) values (403,532,'fish',2,'2016-12-12',-1,'Trout',486);
Insert into WM2D.USER_ITEM_TABLE (USER_ID,ITEM_ID,MEASURE_TYPE,MEASURE_AMOUNT,EXPIRATION_DATE,ITEM_STATUS,ITEM_DETAILS,USER_ITEM_ID) values (403,531,'carrots',2,'2016-12-04',-1,'baby carrots',487);
Insert into WM2D.USER_ITEM_TABLE (USER_ID,ITEM_ID,MEASURE_TYPE,MEASURE_AMOUNT,EXPIRATION_DATE,ITEM_STATUS,ITEM_DETAILS,USER_ITEM_ID) values (403,515,null,1,'0',-1,'tis carrot',462);
Insert into WM2D.USER_ITEM_TABLE (USER_ID,ITEM_ID,MEASURE_TYPE,MEASURE_AMOUNT,EXPIRATION_DATE,ITEM_STATUS,ITEM_DETAILS,USER_ITEM_ID) values (403,502,'dozen',2,'2016-12-03',-1,null,488);
Insert into WM2D.USER_ITEM_TABLE (USER_ID,ITEM_ID,MEASURE_TYPE,MEASURE_AMOUNT,EXPIRATION_DATE,ITEM_STATUS,ITEM_DETAILS,USER_ITEM_ID) values (403,547,'cans',2,'2016-12-30',1,null,489);
Insert into WM2D.USER_ITEM_TABLE (USER_ID,ITEM_ID,MEASURE_TYPE,MEASURE_AMOUNT,EXPIRATION_DATE,ITEM_STATUS,ITEM_DETAILS,USER_ITEM_ID) values (403,512,'box',1,'2017-07-01',1,null,458);
Insert into WM2D.USER_ITEM_TABLE (USER_ID,ITEM_ID,MEASURE_TYPE,MEASURE_AMOUNT,EXPIRATION_DATE,ITEM_STATUS,ITEM_DETAILS,USER_ITEM_ID) values (403,508,'bushels',3,'2016-12-30',1,'Fuji',454);
Insert into WM2D.USER_ITEM_TABLE (USER_ID,ITEM_ID,MEASURE_TYPE,MEASURE_AMOUNT,EXPIRATION_DATE,ITEM_STATUS,ITEM_DETAILS,USER_ITEM_ID) values (403,509,'bunches',2,'2016-12-24',1,null,455);
Insert into WM2D.USER_ITEM_TABLE (USER_ID,ITEM_ID,MEASURE_TYPE,MEASURE_AMOUNT,EXPIRATION_DATE,ITEM_STATUS,ITEM_DETAILS,USER_ITEM_ID) values (403,510,'jars',3,'2017-06-06',1,'JIF',456);
Insert into WM2D.USER_ITEM_TABLE (USER_ID,ITEM_ID,MEASURE_TYPE,MEASURE_AMOUNT,EXPIRATION_DATE,ITEM_STATUS,ITEM_DETAILS,USER_ITEM_ID) values (403,511,'jars',2,'2017-02-02',1,'Grape',457);
Insert into WM2D.USER_ITEM_TABLE (USER_ID,ITEM_ID,MEASURE_TYPE,MEASURE_AMOUNT,EXPIRATION_DATE,ITEM_STATUS,ITEM_DETAILS,USER_ITEM_ID) values (403,513,'units',4,'2017-04-03',1,'Red',459);
Insert into WM2D.USER_ITEM_TABLE (USER_ID,ITEM_ID,MEASURE_TYPE,MEASURE_AMOUNT,EXPIRATION_DATE,ITEM_STATUS,ITEM_DETAILS,USER_ITEM_ID) values (403,514,'bricks',2,'2016-12-31',1,'Cheddar',460);
Insert into WM2D.USER_ITEM_TABLE (USER_ID,ITEM_ID,MEASURE_TYPE,MEASURE_AMOUNT,EXPIRATION_DATE,ITEM_STATUS,ITEM_DETAILS,USER_ITEM_ID) values (403,502,'dozen',1,'2016-11-12',-1,null,461);
Insert into WM2D.USER_ITEM_TABLE (USER_ID,ITEM_ID,MEASURE_TYPE,MEASURE_AMOUNT,EXPIRATION_DATE,ITEM_STATUS,ITEM_DETAILS,USER_ITEM_ID) values (403,531,'units',12,'2016-12-27',-1,'Purple',468);
Insert into WM2D.USER_ITEM_TABLE (USER_ID,ITEM_ID,MEASURE_TYPE,MEASURE_AMOUNT,EXPIRATION_DATE,ITEM_STATUS,ITEM_DETAILS,USER_ITEM_ID) values (403,533,'Necks',3,'1017-10-04',-1,'Exotic and Tasty',469);
Insert into WM2D.USER_ITEM_TABLE (USER_ID,ITEM_ID,MEASURE_TYPE,MEASURE_AMOUNT,EXPIRATION_DATE,ITEM_STATUS,ITEM_DETAILS,USER_ITEM_ID) values (403,550,'bags',45,'2017-08-13',1,'Orange halloween ones',475);
Insert into WM2D.USER_ITEM_TABLE (USER_ID,ITEM_ID,MEASURE_TYPE,MEASURE_AMOUNT,EXPIRATION_DATE,ITEM_STATUS,ITEM_DETAILS,USER_ITEM_ID) values (403,551,'packs',7,'2017-10-23',1,'Chicken',476);
Insert into WM2D.USER_ITEM_TABLE (USER_ID,ITEM_ID,MEASURE_TYPE,MEASURE_AMOUNT,EXPIRATION_DATE,ITEM_STATUS,ITEM_DETAILS,USER_ITEM_ID) values (403,537,'heads',2,'2016-12-25',1,null,477);
Insert into WM2D.USER_ITEM_TABLE (USER_ID,ITEM_ID,MEASURE_TYPE,MEASURE_AMOUNT,EXPIRATION_DATE,ITEM_STATUS,ITEM_DETAILS,USER_ITEM_ID) values (403,552,'Shells',2,'2017-03-28',1,'Exotic Wonderful Meat',478);
Insert into WM2D.USER_ITEM_TABLE (USER_ID,ITEM_ID,MEASURE_TYPE,MEASURE_AMOUNT,EXPIRATION_DATE,ITEM_STATUS,ITEM_DETAILS,USER_ITEM_ID) values (403,553,'bags',4,'2017-07-24',1,'Nestle',479);
Insert into WM2D.USER_ITEM_TABLE (USER_ID,ITEM_ID,MEASURE_TYPE,MEASURE_AMOUNT,EXPIRATION_DATE,ITEM_STATUS,ITEM_DETAILS,USER_ITEM_ID) values (403,521,'bottles',2,'2017-03-31',1,'Vegitable',492);
REM INSERTING into WM2D.USER_TABLE
SET DEFINE OFF;
Insert into WM2D.USER_TABLE (USER_ID,USER_NAME,PASS_WORD) values (403,'alpha','alpha');
--------------------------------------------------------
--  DDL for Index IID_PK
--------------------------------------------------------

  CREATE UNIQUE INDEX "WM2D"."IID_PK" ON "WM2D"."ITEM_TABLE" ("ITEM_ID") 
  PCTFREE 10 INITRANS 2 MAXTRANS 255 COMPUTE STATISTICS 
  STORAGE(INITIAL 65536 NEXT 1048576 MINEXTENTS 1 MAXEXTENTS 2147483645
  PCTINCREASE 0 FREELISTS 1 FREELIST GROUPS 1
  BUFFER_POOL DEFAULT FLASH_CACHE DEFAULT CELL_FLASH_CACHE DEFAULT)
  TABLESPACE "USERS" ;
--------------------------------------------------------
--  DDL for Index IMID_PK
--------------------------------------------------------

  CREATE UNIQUE INDEX "WM2D"."IMID_PK" ON "WM2D"."IMAGE_TABLE" ("IMAGE_ID") 
  PCTFREE 10 INITRANS 2 MAXTRANS 255 COMPUTE STATISTICS 
  STORAGE(INITIAL 65536 NEXT 1048576 MINEXTENTS 1 MAXEXTENTS 2147483645
  PCTINCREASE 0 FREELISTS 1 FREELIST GROUPS 1
  BUFFER_POOL DEFAULT FLASH_CACHE DEFAULT CELL_FLASH_CACHE DEFAULT)
  TABLESPACE "USERS" ;
--------------------------------------------------------
--  DDL for Index RID_PK
--------------------------------------------------------

  CREATE UNIQUE INDEX "WM2D"."RID_PK" ON "WM2D"."RECIPE_TABLE" ("RECIPE_ID") 
  PCTFREE 10 INITRANS 2 MAXTRANS 255 COMPUTE STATISTICS 
  STORAGE(INITIAL 65536 NEXT 1048576 MINEXTENTS 1 MAXEXTENTS 2147483645
  PCTINCREASE 0 FREELISTS 1 FREELIST GROUPS 1
  BUFFER_POOL DEFAULT FLASH_CACHE DEFAULT CELL_FLASH_CACHE DEFAULT)
  TABLESPACE "USERS" ;
--------------------------------------------------------
--  DDL for Index UID_PK
--------------------------------------------------------

  CREATE UNIQUE INDEX "WM2D"."UID_PK" ON "WM2D"."USER_TABLE" ("USER_ID") 
  PCTFREE 10 INITRANS 2 MAXTRANS 255 COMPUTE STATISTICS 
  STORAGE(INITIAL 65536 NEXT 1048576 MINEXTENTS 1 MAXEXTENTS 2147483645
  PCTINCREASE 0 FREELISTS 1 FREELIST GROUPS 1
  BUFFER_POOL DEFAULT FLASH_CACHE DEFAULT CELL_FLASH_CACHE DEFAULT)
  TABLESPACE "USERS" ;
--------------------------------------------------------
--  DDL for Trigger IMAGE_TRIGGER
--------------------------------------------------------

  CREATE OR REPLACE EDITIONABLE TRIGGER "WM2D"."IMAGE_TRIGGER" 
BEFORE INSERT ON IMAGE_TABLE FOR EACH ROW
  BEGIN
    SELECT NEW_IMAGE_SEQUENCE.NEXTVAL
    INTO   :NEW.IMAGE_ID
    FROM   DUAL;
  END;
/
ALTER TRIGGER "WM2D"."IMAGE_TRIGGER" ENABLE;
--------------------------------------------------------
--  DDL for Trigger ITEM_TRIGGER
--------------------------------------------------------

  CREATE OR REPLACE EDITIONABLE TRIGGER "WM2D"."ITEM_TRIGGER" 
BEFORE INSERT ON ITEM_TABLE FOR EACH ROW
  BEGIN
    SELECT NEW_ITEM_SEQUENCE.NEXTVAL
    INTO   :NEW.ITEM_ID
    FROM   DUAL;
  END;
/
ALTER TRIGGER "WM2D"."ITEM_TRIGGER" ENABLE;
--------------------------------------------------------
--  DDL for Trigger RECIPE_TRIGGER
--------------------------------------------------------

  CREATE OR REPLACE EDITIONABLE TRIGGER "WM2D"."RECIPE_TRIGGER" 
BEFORE INSERT ON RECIPE_TABLE FOR EACH ROW
  BEGIN
    SELECT NEW_RECIPE_SEQUENCE.NEXTVAL
    INTO   :NEW.RECIPE_ID
    FROM   DUAL;
  END;
/
ALTER TRIGGER "WM2D"."RECIPE_TRIGGER" ENABLE;
--------------------------------------------------------
--  DDL for Trigger TR_TDAI_USER_ITEM_TABLE4
--------------------------------------------------------

  CREATE OR REPLACE EDITIONABLE TRIGGER "WM2D"."TR_TDAI_USER_ITEM_TABLE4" 
   BEFORE INSERT
   ON WM2D.USER_ITEM_TABLE
   REFERENCING NEW AS new OLD AS old
   FOR EACH ROW
BEGIN
   SELECT WM2D.SEQ_TDAI_USER_ITEM_TABLE4.NEXTVAL
     INTO :new.USER_ITEM_ID
     FROM DUAL;
END;
/
ALTER TRIGGER "WM2D"."TR_TDAI_USER_ITEM_TABLE4" ENABLE;
--------------------------------------------------------
--  DDL for Trigger USER_TRIGGER
--------------------------------------------------------

  CREATE OR REPLACE EDITIONABLE TRIGGER "WM2D"."USER_TRIGGER" 
BEFORE INSERT ON USER_TABLE FOR EACH ROW
  BEGIN
    SELECT NEW_USER_SEQUENCE.NEXTVAL
    INTO   :NEW.USER_ID
    FROM   DUAL;
  END;
/
ALTER TRIGGER "WM2D"."USER_TRIGGER" ENABLE;
--------------------------------------------------------
--  DDL for Function CHECK_USER_EXISTANCE
--------------------------------------------------------

  CREATE OR REPLACE EDITIONABLE FUNCTION "WM2D"."CHECK_USER_EXISTANCE" (USERIN IN VARCHAR) 
  RETURN NUMBER IS EXISTANCE NUMBER;
  BEGIN
    SELECT COUNT(*)
    INTO EXISTANCE
    FROM USER_TABLE
    WHERE USER_NAME = USERIN;
    RETURN EXISTANCE;
  END;

/
--------------------------------------------------------
--  DDL for Function VALIDATE_PASSWORD
--------------------------------------------------------

  CREATE OR REPLACE EDITIONABLE FUNCTION "WM2D"."VALIDATE_PASSWORD" (USERIN IN VARCHAR,PASSIN IN VARCHAR) 
  RETURN NUMBER IS EXISTANCE NUMBER;
  BEGIN
    SELECT COUNT(*)
    INTO EXISTANCE
    FROM USER_TABLE
    WHERE USER_NAME = USERIN 
      AND PASS_WORD = PASSIN;
    RETURN EXISTANCE;
  END;

/
--------------------------------------------------------
--  Constraints for Table IMAGE_TABLE
--------------------------------------------------------

  ALTER TABLE "WM2D"."IMAGE_TABLE" ADD CONSTRAINT "IMID_PK" PRIMARY KEY ("IMAGE_ID")
  USING INDEX PCTFREE 10 INITRANS 2 MAXTRANS 255 COMPUTE STATISTICS 
  STORAGE(INITIAL 65536 NEXT 1048576 MINEXTENTS 1 MAXEXTENTS 2147483645
  PCTINCREASE 0 FREELISTS 1 FREELIST GROUPS 1
  BUFFER_POOL DEFAULT FLASH_CACHE DEFAULT CELL_FLASH_CACHE DEFAULT)
  TABLESPACE "USERS"  ENABLE;
--------------------------------------------------------
--  Constraints for Table USER_ITEM_TABLE
--------------------------------------------------------

  ALTER TABLE "WM2D"."USER_ITEM_TABLE" ADD PRIMARY KEY ("USER_ITEM_ID")
  USING INDEX PCTFREE 10 INITRANS 2 MAXTRANS 255 COMPUTE STATISTICS 
  STORAGE(INITIAL 65536 NEXT 1048576 MINEXTENTS 1 MAXEXTENTS 2147483645
  PCTINCREASE 0 FREELISTS 1 FREELIST GROUPS 1
  BUFFER_POOL DEFAULT FLASH_CACHE DEFAULT CELL_FLASH_CACHE DEFAULT)
  TABLESPACE "USERS"  ENABLE;
  ALTER TABLE "WM2D"."USER_ITEM_TABLE" MODIFY ("USER_ITEM_ID" NOT NULL ENABLE);
  ALTER TABLE "WM2D"."USER_ITEM_TABLE" ADD CONSTRAINT "RESTRICT_STATUS" CHECK (ITEM_STATUS IN (-1,0,1,2)) ENABLE;
  ALTER TABLE "WM2D"."USER_ITEM_TABLE" MODIFY ("ITEM_STATUS" NOT NULL ENABLE);
--------------------------------------------------------
--  Constraints for Table RECIPE_TABLE
--------------------------------------------------------

  ALTER TABLE "WM2D"."RECIPE_TABLE" ADD UNIQUE ("RECIPE_NAME")
  USING INDEX PCTFREE 10 INITRANS 2 MAXTRANS 255 COMPUTE STATISTICS 
  STORAGE(INITIAL 65536 NEXT 1048576 MINEXTENTS 1 MAXEXTENTS 2147483645
  PCTINCREASE 0 FREELISTS 1 FREELIST GROUPS 1
  BUFFER_POOL DEFAULT FLASH_CACHE DEFAULT CELL_FLASH_CACHE DEFAULT)
  TABLESPACE "USERS"  ENABLE;
  ALTER TABLE "WM2D"."RECIPE_TABLE" ADD CONSTRAINT "RID_PK" PRIMARY KEY ("RECIPE_ID")
  USING INDEX PCTFREE 10 INITRANS 2 MAXTRANS 255 COMPUTE STATISTICS 
  STORAGE(INITIAL 65536 NEXT 1048576 MINEXTENTS 1 MAXEXTENTS 2147483645
  PCTINCREASE 0 FREELISTS 1 FREELIST GROUPS 1
  BUFFER_POOL DEFAULT FLASH_CACHE DEFAULT CELL_FLASH_CACHE DEFAULT)
  TABLESPACE "USERS"  ENABLE;
  ALTER TABLE "WM2D"."RECIPE_TABLE" MODIFY ("RECIPE_NAME" NOT NULL ENABLE);
--------------------------------------------------------
--  Constraints for Table USER_TABLE
--------------------------------------------------------

  ALTER TABLE "WM2D"."USER_TABLE" ADD UNIQUE ("USER_NAME")
  USING INDEX PCTFREE 10 INITRANS 2 MAXTRANS 255 COMPUTE STATISTICS 
  STORAGE(INITIAL 65536 NEXT 1048576 MINEXTENTS 1 MAXEXTENTS 2147483645
  PCTINCREASE 0 FREELISTS 1 FREELIST GROUPS 1
  BUFFER_POOL DEFAULT FLASH_CACHE DEFAULT CELL_FLASH_CACHE DEFAULT)
  TABLESPACE "USERS"  ENABLE;
  ALTER TABLE "WM2D"."USER_TABLE" ADD CONSTRAINT "UID_PK" PRIMARY KEY ("USER_ID")
  USING INDEX PCTFREE 10 INITRANS 2 MAXTRANS 255 COMPUTE STATISTICS 
  STORAGE(INITIAL 65536 NEXT 1048576 MINEXTENTS 1 MAXEXTENTS 2147483645
  PCTINCREASE 0 FREELISTS 1 FREELIST GROUPS 1
  BUFFER_POOL DEFAULT FLASH_CACHE DEFAULT CELL_FLASH_CACHE DEFAULT)
  TABLESPACE "USERS"  ENABLE;
  ALTER TABLE "WM2D"."USER_TABLE" MODIFY ("PASS_WORD" NOT NULL ENABLE);
--------------------------------------------------------
--  Constraints for Table ITEM_TABLE
--------------------------------------------------------

  ALTER TABLE "WM2D"."ITEM_TABLE" ADD UNIQUE ("ITEM_NAME")
  USING INDEX PCTFREE 10 INITRANS 2 MAXTRANS 255 COMPUTE STATISTICS 
  STORAGE(INITIAL 65536 NEXT 1048576 MINEXTENTS 1 MAXEXTENTS 2147483645
  PCTINCREASE 0 FREELISTS 1 FREELIST GROUPS 1
  BUFFER_POOL DEFAULT FLASH_CACHE DEFAULT CELL_FLASH_CACHE DEFAULT)
  TABLESPACE "USERS"  ENABLE;
  ALTER TABLE "WM2D"."ITEM_TABLE" ADD CONSTRAINT "IID_PK" PRIMARY KEY ("ITEM_ID")
  USING INDEX PCTFREE 10 INITRANS 2 MAXTRANS 255 COMPUTE STATISTICS 
  STORAGE(INITIAL 65536 NEXT 1048576 MINEXTENTS 1 MAXEXTENTS 2147483645
  PCTINCREASE 0 FREELISTS 1 FREELIST GROUPS 1
  BUFFER_POOL DEFAULT FLASH_CACHE DEFAULT CELL_FLASH_CACHE DEFAULT)
  TABLESPACE "USERS"  ENABLE;
  ALTER TABLE "WM2D"."ITEM_TABLE" MODIFY ("ITEM_NAME" NOT NULL ENABLE);
